region,provincia,ciudad,dni,candidato,esvalido
Ucayali,Purús,Purus,21616180,Jerry Debartolo,1
Ucayali,Purús,Purus,81471664,John Emery,0
Ucayali,Purús,Purus,57716429,Valerie Thomason,1
Ucayali,Purús,Purus,37618585,Emilio Greenlaw,0
Ucayali,Purús,Purus,46617994,Andy Mills,0
Ucayali,Purús,Purus,42270940,Loyce Miller,1
Ucayali,Purús,Purus,13777742,Loyce Miller,1
Ucayali,Purús,Purus,62279623,John Emery,1
Ucayali,Purús,Purus,73109855,Ruby Aumick,0
Ucayali,Purús,Purus,81822192,John Emery,0
Ucayali,Purús,Purus,70357094,Andy Mills,1
Ucayali,Purús,Purus,29103174,John Emery,0
Ucayali,Purús,Purus,82505465,Andy Mills,0
Ucayali,Purús,Purus,37472757,Emilio Greenlaw,0
Ucayali,Purús,Purus,59041778,Andy Mills,0
Ucayali,Purús,Purus,23478081,Emilio Greenlaw,1
Ucayali,Purús,Purus,11532788,Loyce Miller,0
Ucayali,Purús,Purus,23835325,Loyce Miller,1
Ucayali,Purús,Purus,12748226,Emilio Greenlaw,0
Ucayali,Purús,Purus,51227827,Jerry Debartolo,0
Ucayali,Purús,Purus,65276235,Emilio Greenlaw,1
Ucayali,Purús,Purus,10479149,Loyce Miller,0
Ucayali,Purús,Purus,50569564,Loyce Miller,1
Ucayali,Purús,Purus,38628629,Jerry Debartolo,1
Ucayali,Purús,Purus,52985343,John Emery,0
Ucayali,Purús,Purus,25433647,Andy Mills,1
Ucayali,Purús,Purus,86833318,Valerie Thomason,1
Ucayali,Purús,Purus,41432293,Valerie Thomason,0
Ucayali,Purús,Purus,71901317,Loyce Miller,1
Ucayali,Purús,Purus,87647458,Emilio Greenlaw,0
Ucayali,Purús,Purus,65723911,Emilio Greenlaw,1
Ucayali,Purús,Purus,12129362,Ruby Aumick,0
Ucayali,Purús,Purus,77303634,John Emery,0
Ucayali,Purús,Purus,85316732,Ruby Aumick,1
Ucayali,Purús,Purus,15736843,Jerry Debartolo,1
Ucayali,Purús,Purus,31024478,Valerie Thomason,1
Ucayali,Purús,Purus,19987749,John Emery,1
Ucayali,Purús,Purus,32806889,Valerie Thomason,0
Ucayali,Purús,Purus,75392013,Andy Mills,0
Ucayali,Purús,Purus,13364568,Andy Mills,1
Ucayali,Purús,Purus,26844750,John Emery,0
Ucayali,Purús,Purus,39250873,Jerry Debartolo,0
Ucayali,Purús,Purus,82183294,Andy Mills,0
Ucayali,Purús,Purus,85483776,Loyce Miller,0
Ucayali,Purús,Purus,20524683,Jerry Debartolo,0
Ucayali,Purús,Purus,37871536,John Emery,0
Ucayali,Purús,Purus,87199248,John Emery,0
Ucayali,Purús,Purus,12494029,Emilio Greenlaw,0
Ucayali,Purús,Purus,10615649,Valerie Thomason,0
Ucayali,Purús,Purus,63764524,Ruby Aumick,1
Ucayali,Purús,Purus,38706795,Valerie Thomason,1
Ucayali,Purús,Purus,14744347,John Emery,0
Ucayali,Purús,Purus,17802227,Valerie Thomason,0
Ucayali,Purús,Purus,46543988,Andy Mills,0
Ucayali,Purús,Purus,36759912,Emilio Greenlaw,1
Ucayali,Purús,Purus,84034050,Emilio Greenlaw,1
Ucayali,Purús,Purus,25211231,Andy Mills,1
Ucayali,Purús,Purus,40641391,Valerie Thomason,1
Ucayali,Purús,Purus,65473933,Loyce Miller,1
Ucayali,Purús,Purus,84684383,John Emery,0
Ucayali,Purús,Purus,50921183,John Emery,0
Ucayali,Purús,Purus,10825284,Loyce Miller,1
Ucayali,Purús,Purus,39100665,Andy Mills,1
Ucayali,Purús,Purus,89460819,Andy Mills,0
Ucayali,Purús,Purus,28614388,Andy Mills,1
Ucayali,Purús,Purus,89636661,Ruby Aumick,1
Ucayali,Purús,Purus,72812807,Emilio Greenlaw,1
Ucayali,Purús,Purus,57278536,Ruby Aumick,1
Ucayali,Purús,Purus,86461114,John Emery,0
Ucayali,Purús,Purus,39128831,Ruby Aumick,1
Ucayali,Purús,Purus,14237460,Ruby Aumick,1
Ucayali,Purús,Purus,71611862,Ruby Aumick,1
Ucayali,Purús,Purus,21047111,Emilio Greenlaw,0
Ucayali,Purús,Purus,41504091,Jerry Debartolo,1
Ucayali,Purús,Purus,25063176,Loyce Miller,1
Ucayali,Purús,Purus,74387918,Ruby Aumick,0
Ucayali,Purús,Purus,23924808,Loyce Miller,0
Ucayali,Purús,Purus,86837238,Jerry Debartolo,1
Ucayali,Purús,Purus,44193865,Valerie Thomason,0
Ucayali,Purús,Purus,47759411,John Emery,1
Ucayali,Purús,Purus,66761771,Valerie Thomason,0
Ucayali,Purús,Purus,12218956,Emilio Greenlaw,1
Ucayali,Purús,Purus,45622533,Emilio Greenlaw,0
Ucayali,Purús,Purus,82984289,Loyce Miller,0
Ucayali,Purús,Purus,77725789,Valerie Thomason,0
Ucayali,Purús,Purus,14563162,Ruby Aumick,1
Ucayali,Purús,Purus,69324011,John Emery,1
Ucayali,Purús,Purus,53636382,Emilio Greenlaw,0
Ucayali,Purús,Purus,28046958,Jerry Debartolo,1
Ucayali,Purús,Purus,78677985,Valerie Thomason,0
Ucayali,Purús,Purus,85535666,Loyce Miller,0
Ucayali,Purús,Purus,43093685,Andy Mills,0
Ucayali,Purús,Purus,75505923,Loyce Miller,1
Ucayali,Purús,Purus,82688733,Ruby Aumick,1
Ucayali,Purús,Purus,89252113,Andy Mills,1
Ucayali,Purús,Purus,32675611,Valerie Thomason,1
Ucayali,Purús,Purus,18426726,Andy Mills,1
Ucayali,Purús,Purus,44567291,John Emery,1
Ucayali,Purús,Purus,58923405,Loyce Miller,0
Ucayali,Purús,Purus,36964043,John Emery,0
Ucayali,Purús,Purus,16843742,John Emery,0
Ucayali,Purús,Purus,18408798,Loyce Miller,0
Ucayali,Purús,Purus,70466327,Emilio Greenlaw,0
Ucayali,Purús,Purus,18799146,Valerie Thomason,0
Ucayali,Purús,Purus,63730857,John Emery,0
Ucayali,Purús,Purus,26436214,Ruby Aumick,0
Ucayali,Purús,Purus,58533189,Andy Mills,0
Ucayali,Purús,Purus,49925350,Ruby Aumick,1
Ucayali,Purús,Purus,47810278,Valerie Thomason,0
Ucayali,Purús,Purus,25900702,Valerie Thomason,0
Ucayali,Purús,Purus,46984480,John Emery,0
Ucayali,Purús,Purus,85824555,Loyce Miller,0
Ucayali,Purús,Purus,72003703,Emilio Greenlaw,1
Ucayali,Purús,Purus,13272042,Loyce Miller,1
Ucayali,Purús,Purus,30291075,Jerry Debartolo,1
Ucayali,Purús,Purus,10690268,Ruby Aumick,0
Ucayali,Purús,Purus,38342243,Loyce Miller,1
Ucayali,Purús,Purus,18405028,Emilio Greenlaw,1
Ucayali,Purús,Purus,81477986,Jerry Debartolo,0
Ucayali,Purús,Purus,28380901,Loyce Miller,1
Ucayali,Purús,Purus,13752574,Jerry Debartolo,1
Ucayali,Purús,Purus,42468309,Jerry Debartolo,0
Ucayali,Purús,Purus,61591675,Loyce Miller,1
Ucayali,Purús,Purus,37001000,Jerry Debartolo,0
Ucayali,Purús,Purus,53736828,John Emery,1
Ucayali,Purús,Purus,29066610,Jerry Debartolo,0
Ucayali,Purús,Purus,61144130,Loyce Miller,1
Ucayali,Purús,Purus,85987634,Loyce Miller,1
Ucayali,Purús,Purus,88179519,Jerry Debartolo,0
Ucayali,Purús,Purus,29812458,Loyce Miller,0
Ucayali,Purús,Purus,75710549,Jerry Debartolo,1
Ucayali,Purús,Purus,37579664,Jerry Debartolo,0
Ucayali,Purús,Purus,51371922,Emilio Greenlaw,0
Ucayali,Purús,Purus,56671799,Andy Mills,1
Ucayali,Purús,Purus,72861348,John Emery,0
Ucayali,Purús,Purus,61933572,Valerie Thomason,0
Ucayali,Purús,Purus,51888322,Emilio Greenlaw,0
Ucayali,Purús,Purus,57680945,Andy Mills,0
Ucayali,Purús,Purus,76539658,Loyce Miller,1
Ucayali,Purús,Purus,53028894,John Emery,1
Ucayali,Purús,Purus,46459237,Loyce Miller,0
Ucayali,Purús,Purus,41400468,Ruby Aumick,0
Ucayali,Purús,Purus,51903911,Valerie Thomason,1
Ucayali,Purús,Purus,14125799,Andy Mills,1
Ucayali,Purús,Purus,43140872,Jerry Debartolo,0
Ucayali,Purús,Purus,20406087,Valerie Thomason,1
Ucayali,Purús,Purus,54066569,Loyce Miller,0
Ucayali,Purús,Purus,62729146,Valerie Thomason,1
Ucayali,Purús,Purus,60094871,Loyce Miller,0
Ucayali,Purús,Purus,29169937,Ruby Aumick,1
Ucayali,Purús,Purus,40328315,Emilio Greenlaw,0
Ucayali,Purús,Purus,85363056,Jerry Debartolo,0
Ucayali,Purús,Purus,29060455,John Emery,1
Ucayali,Purús,Purus,47607261,Ruby Aumick,0
Ucayali,Purús,Purus,31134882,Valerie Thomason,0
Ucayali,Purús,Purus,26604773,Loyce Miller,1
Ucayali,Purús,Purus,13363106,Ruby Aumick,1
Ucayali,Purús,Purus,44623003,Jerry Debartolo,0
Ucayali,Purús,Purus,11180354,Loyce Miller,1
Ucayali,Purús,Purus,15416096,Jerry Debartolo,1
Ucayali,Purús,Purus,40025250,John Emery,1
Ucayali,Purús,Purus,45147630,Emilio Greenlaw,1
Ucayali,Purús,Purus,24061613,Emilio Greenlaw,0
Ucayali,Purús,Purus,43757648,Andy Mills,1
Ucayali,Purús,Purus,71227774,Andy Mills,0
Ucayali,Purús,Purus,35419923,Andy Mills,1
Ucayali,Purús,Purus,22806063,Jerry Debartolo,0
Ucayali,Purús,Purus,15662215,Valerie Thomason,0
Ucayali,Purús,Purus,70748803,Loyce Miller,1
Ucayali,Purús,Purus,39979317,Valerie Thomason,1
Ucayali,Purús,Purus,86012674,Ruby Aumick,0
Ucayali,Purús,Purus,79586094,Ruby Aumick,0
Ucayali,Purús,Purus,12474778,Jerry Debartolo,1
Ucayali,Purús,Purus,20863438,Jerry Debartolo,0
Ucayali,Purús,Purus,33306888,Loyce Miller,1
Ucayali,Purús,Purus,13083669,Jerry Debartolo,1
Ucayali,Purús,Purus,42700557,Valerie Thomason,1
Ucayali,Purús,Purus,73450205,Andy Mills,0
Ucayali,Purús,Purus,44618576,Emilio Greenlaw,0
Ucayali,Purús,Purus,42439887,Andy Mills,1
Ucayali,Purús,Purus,15994187,Ruby Aumick,1
Ucayali,Purús,Purus,66277190,Valerie Thomason,0
Ucayali,Purús,Purus,37297436,Emilio Greenlaw,0
Ucayali,Purús,Purus,76784153,John Emery,1
Ucayali,Purús,Purus,15433099,Loyce Miller,1
Ucayali,Purús,Purus,74564066,Emilio Greenlaw,1
Ucayali,Purús,Purus,33268342,Jerry Debartolo,0
Ucayali,Purús,Purus,68002901,Jerry Debartolo,0
Ucayali,Purús,Purus,15941839,Andy Mills,0
Ucayali,Purús,Purus,28851996,Jerry Debartolo,1
Ucayali,Purús,Purus,50715167,Valerie Thomason,1
Ucayali,Purús,Purus,81719871,Andy Mills,1
Ucayali,Purús,Purus,50253402,Jerry Debartolo,1
Ucayali,Purús,Purus,17967176,John Emery,1
Ucayali,Purús,Purus,78222643,Ruby Aumick,1
Ucayali,Purús,Purus,77875613,Valerie Thomason,0
Ucayali,Purús,Purus,87002967,Jerry Debartolo,0
Ucayali,Purús,Purus,64224331,Valerie Thomason,1
Ucayali,Purús,Purus,78121174,Loyce Miller,0
Ucayali,Purús,Purus,49853808,John Emery,0
Ucayali,Purús,Purus,64676909,Jerry Debartolo,0
Ucayali,Purús,Purus,14075116,Jerry Debartolo,1
Ucayali,Purús,Purus,73921586,John Emery,1
Ucayali,Purús,Purus,14103658,Loyce Miller,1
Ucayali,Purús,Purus,56750210,Loyce Miller,1
Ucayali,Purús,Purus,23594707,Andy Mills,0
Ucayali,Purús,Purus,44462160,Valerie Thomason,0
Ucayali,Purús,Purus,87118491,Loyce Miller,1
Ucayali,Purús,Purus,11943472,Emilio Greenlaw,0
Ucayali,Purús,Purus,86376180,Jerry Debartolo,0
Ucayali,Purús,Purus,61404033,Emilio Greenlaw,0
Ucayali,Purús,Purus,38136206,Andy Mills,1
Ucayali,Purús,Purus,34653372,Emilio Greenlaw,1
Ucayali,Purús,Purus,37706427,John Emery,1
Ucayali,Purús,Purus,24934905,Loyce Miller,1
Ucayali,Purús,Purus,47974865,Emilio Greenlaw,1
Ucayali,Purús,Purus,27807516,Jerry Debartolo,1
Ucayali,Purús,Purus,10699837,Valerie Thomason,1
Ucayali,Purús,Purus,73980060,Valerie Thomason,1
Ucayali,Purús,Purus,63897270,Jerry Debartolo,1
Ucayali,Purús,Purus,57601551,Andy Mills,1
Ucayali,Purús,Purus,44700924,Valerie Thomason,1
Ucayali,Purús,Purus,51531476,Emilio Greenlaw,0
Ucayali,Purús,Purus,58495858,Emilio Greenlaw,0
Ucayali,Purús,Purus,12542404,John Emery,0
Ucayali,Purús,Purus,73807776,Jerry Debartolo,1
Ucayali,Purús,Purus,12975150,Ruby Aumick,1
Ucayali,Purús,Purus,80684064,Ruby Aumick,1
Ucayali,Purús,Purus,20878414,Emilio Greenlaw,0
Ucayali,Purús,Purus,68892763,Ruby Aumick,1
Ucayali,Purús,Purus,83915976,Jerry Debartolo,1
Ucayali,Purús,Purus,26884287,Ruby Aumick,1
Ucayali,Purús,Purus,24525398,John Emery,1
Ucayali,Purús,Purus,84659976,Valerie Thomason,0
Ucayali,Purús,Purus,20602440,Emilio Greenlaw,0
Ucayali,Purús,Purus,15505038,Jerry Debartolo,1
Ucayali,Purús,Purus,50285058,Loyce Miller,1
Ucayali,Purús,Purus,47843838,John Emery,1
Ucayali,Purús,Purus,64038977,Andy Mills,0
Ucayali,Purús,Purus,85406371,Valerie Thomason,1
Ucayali,Purús,Purus,17867717,Andy Mills,1
Ucayali,Purús,Purus,82937645,Ruby Aumick,1
Ucayali,Purús,Purus,20786718,John Emery,0
Ucayali,Purús,Purus,49491939,John Emery,1
Ucayali,Purús,Purus,12819242,Andy Mills,0
Ucayali,Purús,Purus,30071098,Jerry Debartolo,0
Ucayali,Purús,Purus,67079321,Andy Mills,1
Ucayali,Purús,Purus,38087062,Loyce Miller,1
Ucayali,Purús,Purus,40563866,John Emery,1
Ucayali,Purús,Purus,47263266,Andy Mills,1
Ucayali,Purús,Purus,87935474,Valerie Thomason,0
Ucayali,Purús,Purus,86512572,Jerry Debartolo,0
Ucayali,Purús,Purus,53384298,Loyce Miller,1
Ucayali,Purús,Purus,87618631,Jerry Debartolo,0
Ucayali,Purús,Purus,32352550,Jerry Debartolo,0
Ucayali,Purús,Purus,73360902,John Emery,0
Ucayali,Purús,Purus,73626346,John Emery,1
Ucayali,Purús,Purus,82973838,Jerry Debartolo,0
Ucayali,Purús,Purus,88664920,Jerry Debartolo,1
Ucayali,Purús,Purus,28484934,Ruby Aumick,0
Ucayali,Purús,Purus,11068910,Andy Mills,0
Ucayali,Purús,Purus,26856631,Valerie Thomason,1
Ucayali,Purús,Purus,39933368,Loyce Miller,1
Ucayali,Purús,Purus,74598608,John Emery,0
Ucayali,Purús,Purus,85523814,Andy Mills,1
Ucayali,Purús,Purus,75481765,Valerie Thomason,1
Ucayali,Purús,Purus,20722876,Jerry Debartolo,0
Ucayali,Purús,Purus,40581934,Ruby Aumick,1
Ucayali,Purús,Purus,60467824,John Emery,1
Ucayali,Purús,Purus,73682355,Andy Mills,0
Ucayali,Purús,Purus,19010459,Valerie Thomason,0
Ucayali,Purús,Purus,63094735,Emilio Greenlaw,1
Ucayali,Purús,Purus,31355370,Valerie Thomason,1
Ucayali,Purús,Purus,69076817,Andy Mills,0
Ucayali,Purús,Purus,42317146,Loyce Miller,0
Ucayali,Purús,Purus,17561717,Valerie Thomason,1
Ucayali,Purús,Purus,49824422,Emilio Greenlaw,0
Ucayali,Purús,Purus,28231411,John Emery,0
Ucayali,Purús,Purus,80382540,John Emery,0
Ucayali,Purús,Purus,87981153,Emilio Greenlaw,1
Ucayali,Purús,Purus,18260490,Jerry Debartolo,0
Ucayali,Purús,Purus,58595697,Valerie Thomason,1
Ucayali,Purús,Purus,68618358,Ruby Aumick,0
Ucayali,Purús,Purus,81162544,Valerie Thomason,0
Ucayali,Purús,Purus,29313396,Loyce Miller,0
Ucayali,Purús,Purus,23697833,Valerie Thomason,1
Ucayali,Purús,Purus,81308746,Ruby Aumick,1
Ucayali,Purús,Purus,60696473,Jerry Debartolo,0
Ucayali,Purús,Purus,13123169,Andy Mills,0
Ucayali,Purús,Purus,33458925,Jerry Debartolo,0
Ucayali,Purús,Purus,78628591,Ruby Aumick,0
Ucayali,Purús,Purus,56128344,Andy Mills,1
Ucayali,Purús,Purus,83709853,John Emery,1
Ucayali,Purús,Purus,54395504,John Emery,0
Ucayali,Purús,Purus,57402823,Andy Mills,0
Ucayali,Purús,Purus,22868618,Emilio Greenlaw,1
Ucayali,Purús,Purus,39516773,Emilio Greenlaw,0
Ucayali,Purús,Purus,18831600,Emilio Greenlaw,0
Ucayali,Purús,Purus,55171041,Loyce Miller,1
Ucayali,Purús,Purus,20459842,Jerry Debartolo,1
Ucayali,Purús,Purus,63034900,Emilio Greenlaw,0
Ucayali,Purús,Purus,67488724,Loyce Miller,1
Ucayali,Purús,Purus,20152220,John Emery,0
Ucayali,Purús,Purus,76358517,Valerie Thomason,1
Ucayali,Purús,Purus,80321243,John Emery,1
Ucayali,Purús,Purus,69969321,Loyce Miller,1
Ucayali,Purús,Purus,72216660,Emilio Greenlaw,0
Ucayali,Purús,Purus,55043721,Andy Mills,0
Ucayali,Purús,Purus,21211343,Andy Mills,1
Ucayali,Purús,Purus,48129250,Andy Mills,1
Ucayali,Purús,Purus,15877807,Emilio Greenlaw,1
Ucayali,Purús,Purus,42406984,Valerie Thomason,1
Ucayali,Purús,Purus,12695816,Jerry Debartolo,1
Ucayali,Purús,Purus,68407244,Emilio Greenlaw,0
Ucayali,Purús,Purus,74108333,John Emery,0
Ucayali,Purús,Purus,64706525,Jerry Debartolo,1
Ucayali,Purús,Purus,86036358,Ruby Aumick,1
Ucayali,Purús,Purus,69113590,Andy Mills,0
Ucayali,Purús,Purus,33953829,Jerry Debartolo,0
Ucayali,Purús,Purus,52828643,Emilio Greenlaw,0
Ucayali,Purús,Purus,63256865,Jerry Debartolo,1
Ucayali,Purús,Purus,51958305,Andy Mills,0
Ucayali,Purús,Purus,84886273,Jerry Debartolo,1
Ucayali,Purús,Purus,38144809,Andy Mills,0
Ucayali,Purús,Purus,73532691,Ruby Aumick,1
Ucayali,Purús,Purus,31137871,Emilio Greenlaw,1
Ucayali,Purús,Purus,59254266,Loyce Miller,1
Ucayali,Purús,Purus,39278078,Valerie Thomason,1
Ucayali,Purús,Purus,18842672,Valerie Thomason,1
Ucayali,Purús,Purus,83080649,Ruby Aumick,0
Ucayali,Purús,Purus,65162092,Andy Mills,1
Ucayali,Purús,Purus,13393647,Emilio Greenlaw,0
Ucayali,Purús,Purus,82193256,Andy Mills,1
Ucayali,Purús,Purus,41503262,John Emery,0
Ucayali,Purús,Purus,60344294,Emilio Greenlaw,1
Ucayali,Purús,Purus,70218244,Andy Mills,0
Ucayali,Purús,Purus,10484582,John Emery,0
Ucayali,Purús,Purus,60147921,Loyce Miller,0
Ucayali,Purús,Purus,24544385,Valerie Thomason,1
Ucayali,Purús,Purus,49188736,Jerry Debartolo,1
Ucayali,Purús,Purus,13453811,John Emery,0
Ucayali,Purús,Purus,65800460,Valerie Thomason,0
Ucayali,Purús,Purus,23674804,Valerie Thomason,1
Ucayali,Purús,Purus,18339238,Jerry Debartolo,1
Ucayali,Purús,Purus,83225516,Jerry Debartolo,0
Ucayali,Purús,Purus,16717559,Valerie Thomason,0
Ucayali,Purús,Purus,68296376,Jerry Debartolo,0
Ucayali,Purús,Purus,52753552,Loyce Miller,1
Ucayali,Purús,Purus,82983670,Valerie Thomason,0
Ucayali,Purús,Purus,39346360,Loyce Miller,0
Ucayali,Purús,Purus,54515646,John Emery,0
Ucayali,Purús,Purus,48470436,Ruby Aumick,1
Ucayali,Purús,Purus,11222719,Jerry Debartolo,1
Ucayali,Purús,Purus,82679424,John Emery,1
Ucayali,Purús,Purus,15478903,Ruby Aumick,1
Ucayali,Purús,Purus,36514413,John Emery,0
Ucayali,Purús,Purus,52374737,Ruby Aumick,0
Ucayali,Purús,Purus,40429131,Ruby Aumick,0
Ucayali,Purús,Purus,12500480,Valerie Thomason,1
Ucayali,Purús,Purus,56055093,John Emery,1
Ucayali,Purús,Purus,16575989,Ruby Aumick,0
Ucayali,Purús,Purus,85785158,Loyce Miller,1
Ucayali,Purús,Purus,51688264,John Emery,0
Ucayali,Purús,Purus,74378251,Andy Mills,1
Ucayali,Purús,Purus,37950026,Loyce Miller,1
Ucayali,Purús,Purus,22037490,Emilio Greenlaw,1
Ucayali,Purús,Purus,11938550,Andy Mills,1
Ucayali,Purús,Purus,17291184,John Emery,1
Ucayali,Purús,Purus,20707014,Valerie Thomason,0
Ucayali,Purús,Purus,51290500,Emilio Greenlaw,1
Ucayali,Purús,Purus,48464730,Andy Mills,0
Ucayali,Purús,Purus,50298395,John Emery,0
Ucayali,Purús,Purus,17639609,John Emery,0
Ucayali,Purús,Purus,44403344,Andy Mills,1
Ucayali,Purús,Purus,28958234,Emilio Greenlaw,0
Ucayali,Purús,Purus,18768673,Loyce Miller,1
Ucayali,Purús,Purus,49991788,John Emery,1
Ucayali,Purús,Purus,62301157,Jerry Debartolo,1
Ucayali,Purús,Purus,43336052,Andy Mills,1
Ucayali,Purús,Purus,54462727,John Emery,1
Ucayali,Purús,Purus,67042115,Ruby Aumick,0
Ucayali,Purús,Purus,86045281,Andy Mills,0
Ucayali,Purús,Purus,73177512,Jerry Debartolo,1
Ucayali,Purús,Purus,49793842,Loyce Miller,1
Ucayali,Purús,Purus,77736113,Andy Mills,0
Ucayali,Purús,Purus,15220755,Valerie Thomason,1
Ucayali,Purús,Purus,47503344,Ruby Aumick,0
Ucayali,Purús,Purus,31636536,John Emery,0
Ucayali,Purús,Purus,42871310,John Emery,1
Ucayali,Purús,Purus,48930003,Jerry Debartolo,1
Ucayali,Purús,Purus,53456839,John Emery,1
Ucayali,Purús,Purus,25530001,Jerry Debartolo,1
Ucayali,Purús,Purus,33576883,Ruby Aumick,0
Ucayali,Purús,Purus,35953266,Emilio Greenlaw,1
Ucayali,Purús,Purus,14256029,Andy Mills,0
Ucayali,Purús,Purus,83645494,Andy Mills,1
Ucayali,Purús,Purus,53193656,Ruby Aumick,0
Ucayali,Purús,Purus,84490017,Valerie Thomason,0
Ucayali,Purús,Purus,39633879,Valerie Thomason,0
Ucayali,Purús,Purus,26317357,Emilio Greenlaw,0
Ucayali,Purús,Purus,82905354,Andy Mills,0
Ucayali,Purús,Purus,21613812,Ruby Aumick,1
Ucayali,Purús,Purus,66709238,Jerry Debartolo,1
Ucayali,Purús,Purus,69988647,Jerry Debartolo,0
Ucayali,Purús,Purus,85647379,Loyce Miller,0
Ucayali,Purús,Purus,40596718,Emilio Greenlaw,0
Ucayali,Purús,Purus,64327504,Ruby Aumick,1
Ucayali,Purús,Purus,82045165,John Emery,0
Ucayali,Purús,Purus,13787644,Andy Mills,0
Ucayali,Purús,Purus,34049146,Ruby Aumick,1
Ucayali,Purús,Purus,48108335,Emilio Greenlaw,1
Ucayali,Purús,Purus,27636002,Jerry Debartolo,1
Ucayali,Purús,Purus,88941719,Jerry Debartolo,0
Ucayali,Purús,Purus,36434722,Jerry Debartolo,1
Ucayali,Purús,Purus,58845644,Ruby Aumick,0
Ucayali,Purús,Purus,63409166,Loyce Miller,0
Ucayali,Purús,Purus,85971857,Loyce Miller,0
Ucayali,Purús,Purus,21417412,Ruby Aumick,0
Ucayali,Purús,Purus,28839249,John Emery,0
Ucayali,Purús,Purus,22562972,John Emery,1
Ucayali,Purús,Purus,68549434,Andy Mills,1
Ucayali,Purús,Purus,44473689,Andy Mills,1
Ucayali,Purús,Purus,59757415,Jerry Debartolo,0
Ucayali,Purús,Purus,50288916,Ruby Aumick,0
Ucayali,Purús,Purus,76344151,Ruby Aumick,1
Ucayali,Purús,Purus,49114018,Valerie Thomason,1
Ucayali,Purús,Purus,69852090,Ruby Aumick,0
Ucayali,Purús,Purus,49867577,Jerry Debartolo,0
Ucayali,Purús,Purus,24707484,Jerry Debartolo,1
Ucayali,Purús,Purus,14000430,Loyce Miller,1
Ucayali,Purús,Purus,24390021,John Emery,1
Ucayali,Purús,Purus,47191773,Andy Mills,0
Ucayali,Purús,Purus,51678949,Jerry Debartolo,1
Ucayali,Purús,Purus,69170876,John Emery,0
Ucayali,Purús,Purus,69026916,Ruby Aumick,1
Ucayali,Purús,Purus,31906310,Loyce Miller,1
Ucayali,Purús,Purus,34454291,Jerry Debartolo,0
Ucayali,Purús,Purus,45958456,Loyce Miller,0
Ucayali,Purús,Purus,39179652,Emilio Greenlaw,0
Ucayali,Purús,Purus,51584131,Ruby Aumick,0
Ucayali,Purús,Purus,22349515,Emilio Greenlaw,1
Ucayali,Purús,Purus,55493619,Jerry Debartolo,1
Ucayali,Purús,Purus,45795690,Andy Mills,0
Ucayali,Purús,Purus,33951795,Loyce Miller,0
Ucayali,Purús,Purus,20971670,John Emery,1
Ucayali,Purús,Purus,24996001,Valerie Thomason,0
Ucayali,Purús,Purus,53218696,Jerry Debartolo,1
Ucayali,Purús,Purus,74065531,Valerie Thomason,1
Ucayali,Purús,Purus,53925737,Ruby Aumick,1
Ucayali,Purús,Purus,43323100,Andy Mills,1
Ucayali,Purús,Purus,23424259,Ruby Aumick,1
Ucayali,Purús,Purus,63949895,John Emery,1
Ucayali,Purús,Purus,17851128,Valerie Thomason,0
Ucayali,Purús,Purus,87057240,Loyce Miller,0
Ucayali,Purús,Purus,54325637,Ruby Aumick,0
Ucayali,Purús,Purus,21822681,Jerry Debartolo,0
Ucayali,Purús,Purus,74723032,Valerie Thomason,1
Ucayali,Purús,Purus,20703890,John Emery,1
Ucayali,Purús,Purus,86311676,Andy Mills,1
Ucayali,Purús,Purus,70541013,Jerry Debartolo,1
Ucayali,Purús,Purus,81184938,Loyce Miller,1
Ucayali,Purús,Purus,14006362,John Emery,1
Ucayali,Purús,Purus,15397175,Emilio Greenlaw,0
Ucayali,Purús,Purus,18830352,John Emery,1
Ucayali,Purús,Purus,42123981,Valerie Thomason,0
Ucayali,Purús,Purus,72372876,Ruby Aumick,0
Ucayali,Purús,Purus,38182473,Ruby Aumick,1
Ucayali,Purús,Purus,15440648,Ruby Aumick,0
Ucayali,Purús,Purus,65162466,Jerry Debartolo,0
Ucayali,Purús,Purus,74925959,Emilio Greenlaw,1
Ucayali,Purús,Purus,71293209,Emilio Greenlaw,0
Ucayali,Purús,Purus,20291329,Valerie Thomason,0
Ucayali,Purús,Purus,30519483,Ruby Aumick,0
Ucayali,Purús,Purus,37184897,Jerry Debartolo,0
Ucayali,Purús,Purus,44472618,Loyce Miller,0
Ucayali,Purús,Purus,26516682,Andy Mills,0
Ucayali,Purús,Purus,14352802,Jerry Debartolo,0
Ucayali,Purús,Purus,66632477,Andy Mills,0
Ucayali,Purús,Purus,48595495,Valerie Thomason,0
Ucayali,Purús,Purus,31760360,Ruby Aumick,0
Ucayali,Purús,Purus,23938061,Jerry Debartolo,0
Ucayali,Purús,Purus,32634393,Jerry Debartolo,1
Ucayali,Purús,Purus,77097442,Ruby Aumick,0
Ucayali,Purús,Purus,19673537,Valerie Thomason,1
Ucayali,Purús,Purus,86651697,Emilio Greenlaw,1
Ucayali,Purús,Purus,64412212,Loyce Miller,1
Ucayali,Purús,Purus,84187514,Ruby Aumick,0
Ucayali,Purús,Purus,26720108,Jerry Debartolo,0
Ucayali,Purús,Purus,78095336,Loyce Miller,1
Ucayali,Purús,Purus,23254706,Andy Mills,0
Ucayali,Purús,Purus,24933570,Emilio Greenlaw,1
Ucayali,Purús,Purus,76941395,Andy Mills,1
Ucayali,Purús,Purus,85669985,Emilio Greenlaw,0
Ucayali,Purús,Purus,86969717,Loyce Miller,1
Ucayali,Purús,Purus,43641919,Valerie Thomason,1
Ucayali,Purús,Purus,37843842,Loyce Miller,0
Ucayali,Purús,Purus,12793722,Valerie Thomason,0
Ucayali,Purús,Purus,82020029,Jerry Debartolo,0
Ucayali,Purús,Purus,81238753,John Emery,0
Ucayali,Purús,Purus,28414381,Valerie Thomason,1
Ucayali,Purús,Purus,71669025,Jerry Debartolo,1
Ucayali,Purús,Purus,45221791,Ruby Aumick,0
Ucayali,Purús,Purus,74876561,Andy Mills,0
Ucayali,Purús,Purus,16947555,Jerry Debartolo,1
Ucayali,Purús,Purus,51635906,Loyce Miller,0
Ucayali,Purús,Purus,86452671,Jerry Debartolo,0
Ucayali,Purús,Purus,57040181,John Emery,0
Ucayali,Purús,Purus,39997956,Jerry Debartolo,0
Ucayali,Purús,Purus,81394388,Jerry Debartolo,1
Ucayali,Purús,Purus,57626710,Andy Mills,0
Ucayali,Purús,Purus,19314505,Valerie Thomason,0
Ucayali,Purús,Purus,74500816,Valerie Thomason,0
Ucayali,Purús,Purus,85712247,Emilio Greenlaw,0
Ucayali,Purús,Purus,11946741,John Emery,1
Ucayali,Purús,Purus,69082458,Jerry Debartolo,0
Ucayali,Purús,Purus,20727167,Ruby Aumick,1
Ucayali,Purús,Purus,12678415,Jerry Debartolo,0
Ucayali,Purús,Purus,45515491,Andy Mills,1
Ucayali,Purús,Purus,59800269,Andy Mills,1
Ucayali,Purús,Purus,15368570,Ruby Aumick,1
Ucayali,Purús,Purus,36828886,Valerie Thomason,0
Ucayali,Purús,Purus,30388680,John Emery,0
Ucayali,Purús,Purus,45616653,John Emery,1
Ucayali,Purús,Purus,32747629,Emilio Greenlaw,1
Ucayali,Purús,Purus,21803028,Loyce Miller,0
Ucayali,Purús,Purus,62318654,Ruby Aumick,1
Ucayali,Purús,Purus,62826549,John Emery,0
Ucayali,Purús,Purus,12146160,Loyce Miller,1
Ucayali,Purús,Purus,39757020,Valerie Thomason,0
Ucayali,Purús,Purus,42304228,Emilio Greenlaw,1
Ucayali,Purús,Purus,13371853,Emilio Greenlaw,0
Ucayali,Purús,Purus,36753325,Emilio Greenlaw,1
Ucayali,Purús,Purus,23485685,Loyce Miller,0
Ucayali,Purús,Purus,52622226,Loyce Miller,1
Ucayali,Purús,Purus,49649275,Andy Mills,1
Ucayali,Purús,Purus,87472857,Andy Mills,0
Ucayali,Purús,Purus,32250583,John Emery,1
Ucayali,Purús,Purus,59594363,Loyce Miller,0
Ucayali,Purús,Purus,17273720,Andy Mills,0
Ucayali,Purús,Purus,10667037,Emilio Greenlaw,0
Ucayali,Purús,Purus,50779760,Valerie Thomason,1
Ucayali,Purús,Purus,72585896,Emilio Greenlaw,1
Ucayali,Purús,Purus,81825583,John Emery,0
Ucayali,Purús,Purus,36191383,Jerry Debartolo,1
Ucayali,Purús,Purus,12241776,Jerry Debartolo,0
Ucayali,Purús,Purus,20671351,Ruby Aumick,0
Ucayali,Purús,Purus,86973802,Emilio Greenlaw,1
Ucayali,Purús,Purus,11774354,Jerry Debartolo,0
Ucayali,Purús,Purus,57236767,Andy Mills,0
Ucayali,Purús,Purus,14474894,John Emery,1
Ucayali,Purús,Purus,77837221,Jerry Debartolo,1
Ucayali,Purús,Purus,52566216,Valerie Thomason,1
Ucayali,Purús,Purus,22471115,Andy Mills,0
Ucayali,Purús,Purus,85001819,Loyce Miller,0
Ucayali,Purús,Purus,25541750,Emilio Greenlaw,0
Ucayali,Purús,Purus,31041985,Loyce Miller,0
Ucayali,Purús,Purus,57625825,John Emery,0
Ucayali,Purús,Purus,24215970,Loyce Miller,0
Ucayali,Purús,Purus,57898114,Andy Mills,0
Ucayali,Purús,Purus,27447868,Ruby Aumick,1
Ucayali,Purús,Purus,72748432,Loyce Miller,1
Ucayali,Purús,Purus,34050194,Loyce Miller,0
Ucayali,Purús,Purus,83082811,Ruby Aumick,1
Ucayali,Purús,Purus,37488805,Andy Mills,1
Ucayali,Purús,Purus,33090460,Emilio Greenlaw,1
Ucayali,Purús,Purus,42052589,Jerry Debartolo,1
Ucayali,Purús,Purus,42489560,John Emery,0
Ucayali,Purús,Purus,76988920,Ruby Aumick,0
Ucayali,Purús,Purus,29464067,Emilio Greenlaw,0
Ucayali,Purús,Purus,72651470,Jerry Debartolo,0
Ucayali,Purús,Purus,73469069,Ruby Aumick,0
Ucayali,Purús,Purus,89771419,Emilio Greenlaw,0
Ucayali,Purús,Purus,70581186,Andy Mills,1
Ucayali,Purús,Purus,33613520,Jerry Debartolo,1
Ucayali,Purús,Purus,87099516,Loyce Miller,1
Ucayali,Purús,Purus,14170182,Jerry Debartolo,1
Ucayali,Purús,Purus,23184294,Jerry Debartolo,1
Ucayali,Purús,Purus,69316367,Emilio Greenlaw,0
Ucayali,Purús,Purus,78160171,Andy Mills,1
Ucayali,Purús,Purus,37283964,Loyce Miller,1
Ucayali,Purús,Purus,41038700,Ruby Aumick,1
Ucayali,Purús,Purus,73280904,Jerry Debartolo,0
Ucayali,Purús,Purus,78259118,Loyce Miller,0
Ucayali,Purús,Purus,20891297,Loyce Miller,0
Ucayali,Purús,Purus,83363245,Andy Mills,0
Ucayali,Purús,Purus,45982071,Jerry Debartolo,1
Ucayali,Purús,Purus,76550763,Loyce Miller,1
Ucayali,Purús,Purus,53438722,Loyce Miller,0
Ucayali,Purús,Purus,71166197,Valerie Thomason,0
Ucayali,Purús,Purus,45982809,Loyce Miller,0
Ucayali,Purús,Purus,49819594,Ruby Aumick,0
Ucayali,Purús,Purus,81175792,Ruby Aumick,1
Ucayali,Purús,Purus,57363791,Jerry Debartolo,1
Ucayali,Purús,Purus,19900286,Ruby Aumick,1
Ucayali,Purús,Purus,71838868,Emilio Greenlaw,1
Ucayali,Purús,Purus,81598820,Andy Mills,0
Ucayali,Purús,Purus,31151761,Emilio Greenlaw,1
Ucayali,Purús,Purus,32961477,Emilio Greenlaw,0
Ucayali,Purús,Purus,39610158,Jerry Debartolo,0
Ucayali,Purús,Purus,15907640,Loyce Miller,1
Ucayali,Purús,Purus,58748397,Emilio Greenlaw,1
Ucayali,Purús,Purus,72552695,Valerie Thomason,0
Ucayali,Purús,Purus,40044537,Valerie Thomason,1
Ucayali,Purús,Purus,69980416,Jerry Debartolo,1
Ucayali,Purús,Purus,47801075,Ruby Aumick,0
Ucayali,Purús,Purus,72534289,Andy Mills,0
Ucayali,Purús,Purus,83936635,Andy Mills,1
Ucayali,Purús,Purus,29980507,Ruby Aumick,0
Ucayali,Purús,Purus,55622081,Ruby Aumick,1
Ucayali,Purús,Purus,45085877,Loyce Miller,0
Ucayali,Purús,Purus,46083665,Jerry Debartolo,0
Ucayali,Purús,Purus,42941317,John Emery,0
Ucayali,Purús,Purus,20240464,Loyce Miller,1
Ucayali,Purús,Purus,81236377,Ruby Aumick,0
Ucayali,Purús,Purus,26229347,Jerry Debartolo,1
Ucayali,Purús,Purus,34603409,John Emery,0
Ucayali,Purús,Purus,83513471,Valerie Thomason,1
Ucayali,Purús,Purus,70354751,John Emery,0
Ucayali,Purús,Purus,75662793,Ruby Aumick,0
Ucayali,Purús,Purus,13089996,Ruby Aumick,1
Ucayali,Purús,Purus,80113033,Loyce Miller,1
Ucayali,Purús,Purus,13263934,Valerie Thomason,1
Ucayali,Purús,Purus,60283683,John Emery,1
Ucayali,Purús,Purus,23495583,Ruby Aumick,0
Ucayali,Purús,Purus,34996008,Valerie Thomason,0
Ucayali,Purús,Purus,77993375,Andy Mills,1
Ucayali,Purús,Purus,19730715,Loyce Miller,0
Ucayali,Purús,Purus,14817418,Andy Mills,0
Ucayali,Purús,Purus,21317543,Valerie Thomason,1
Ucayali,Purús,Purus,83301092,Ruby Aumick,1
Ucayali,Purús,Purus,88691412,Emilio Greenlaw,1
Ucayali,Purús,Purus,10571148,Loyce Miller,0
Ucayali,Purús,Purus,48755064,Valerie Thomason,0
Ucayali,Purús,Purus,55820942,Jerry Debartolo,0
Ucayali,Purús,Purus,16333881,John Emery,1
Ucayali,Purús,Purus,35551669,Loyce Miller,0
Ucayali,Purús,Purus,77512872,John Emery,1
Ucayali,Purús,Purus,83326116,Ruby Aumick,0
Ucayali,Purús,Purus,17830067,Ruby Aumick,1
Ucayali,Purús,Purus,74124170,John Emery,0
Ucayali,Purús,Purus,67462462,Ruby Aumick,0
Ucayali,Purús,Purus,38202475,Emilio Greenlaw,0
Ucayali,Purús,Purus,71943370,John Emery,1
Ucayali,Purús,Purus,16532743,Ruby Aumick,0
Ucayali,Purús,Purus,33670005,Ruby Aumick,0
Ucayali,Purús,Purus,53454135,Emilio Greenlaw,0
Ucayali,Purús,Purus,12909325,Ruby Aumick,1
Ucayali,Purús,Purus,74431970,Valerie Thomason,0
Ucayali,Purús,Purus,24983682,Valerie Thomason,1
Ucayali,Purús,Purus,53499936,Emilio Greenlaw,0
Ucayali,Purús,Purus,34991304,Jerry Debartolo,1
Ucayali,Purús,Purus,18074774,Andy Mills,1
Ucayali,Purús,Purus,49311505,Emilio Greenlaw,0
Ucayali,Purús,Purus,11061034,Ruby Aumick,1
Ucayali,Purús,Purus,44923307,Ruby Aumick,1
Ucayali,Purús,Purus,64742553,Emilio Greenlaw,0
Ucayali,Purús,Purus,17231467,Jerry Debartolo,1
Ucayali,Purús,Purus,46638037,John Emery,1
Ucayali,Purús,Purus,26546321,John Emery,0
Ucayali,Purús,Purus,64502904,Emilio Greenlaw,0
Ucayali,Purús,Purus,75091653,Emilio Greenlaw,1
Ucayali,Purús,Purus,64536280,Andy Mills,1
Ucayali,Purús,Purus,87959660,Loyce Miller,1
Ucayali,Purús,Purus,35576726,Valerie Thomason,1
Ucayali,Purús,Purus,72852158,Ruby Aumick,1
Ucayali,Purús,Purus,50691476,Emilio Greenlaw,1
Ucayali,Purús,Purus,52487409,Emilio Greenlaw,1
Ucayali,Purús,Purus,72717861,Valerie Thomason,1
Ucayali,Purús,Purus,44586662,Andy Mills,1
Ucayali,Purús,Purus,55944235,Loyce Miller,0
Ucayali,Purús,Purus,24926160,John Emery,0
Ucayali,Purús,Purus,74548545,Valerie Thomason,1
Ucayali,Purús,Purus,33245829,John Emery,1
Ucayali,Purús,Purus,13627908,Valerie Thomason,1
Ucayali,Purús,Purus,34377778,John Emery,1
Ucayali,Purús,Purus,74120452,Emilio Greenlaw,1
Ucayali,Purús,Purus,16318910,John Emery,1
Ucayali,Purús,Purus,48520108,Emilio Greenlaw,0
Ucayali,Purús,Purus,30804558,Loyce Miller,1
Ucayali,Purús,Purus,81110136,Andy Mills,0
Ucayali,Purús,Purus,32725226,Jerry Debartolo,1
Ucayali,Purús,Purus,56595802,Ruby Aumick,1
Ucayali,Purús,Purus,11100285,John Emery,0
Ucayali,Purús,Purus,45130582,John Emery,0
Ucayali,Purús,Purus,17642601,Andy Mills,1
Ucayali,Purús,Purus,72097660,Ruby Aumick,1
Ucayali,Purús,Purus,89706534,John Emery,0
Ucayali,Purús,Purus,28913664,Loyce Miller,0
Ucayali,Purús,Purus,10727217,Valerie Thomason,1
Ucayali,Purús,Purus,74985474,Loyce Miller,1
Ucayali,Purús,Purus,67883516,Ruby Aumick,0
Ucayali,Purús,Purus,31834773,Valerie Thomason,1
Ucayali,Purús,Purus,67208750,Loyce Miller,1
Ucayali,Purús,Purus,58430405,Loyce Miller,1
Ucayali,Purús,Purus,54864446,John Emery,0
Ucayali,Purús,Purus,33312077,Andy Mills,1
Ucayali,Purús,Purus,78335389,Loyce Miller,0
Ucayali,Purús,Purus,40947988,Loyce Miller,1
Ucayali,Purús,Purus,70033778,Emilio Greenlaw,0
Ucayali,Purús,Purus,52031764,Ruby Aumick,0
Ucayali,Purús,Purus,68107618,Valerie Thomason,0
Ucayali,Purús,Purus,75824219,Loyce Miller,0
Ucayali,Purús,Purus,44210542,Valerie Thomason,1
Ucayali,Purús,Purus,68196172,John Emery,0
Ucayali,Purús,Purus,77481782,Andy Mills,0
Ucayali,Purús,Purus,45766893,Emilio Greenlaw,1
Ucayali,Purús,Purus,36738996,Valerie Thomason,1
Ucayali,Purús,Purus,25722380,Ruby Aumick,1
Ucayali,Purús,Purus,44054400,Loyce Miller,0
Ucayali,Purús,Purus,24912491,Jerry Debartolo,1
Ucayali,Purús,Purus,32070371,Valerie Thomason,0
Ucayali,Purús,Purus,30197346,Valerie Thomason,0
Ucayali,Purús,Purus,32430840,John Emery,0
Ucayali,Purús,Purus,11767282,Valerie Thomason,0
Ucayali,Purús,Purus,41159849,Andy Mills,0
Ucayali,Purús,Purus,75144644,Ruby Aumick,1
Ucayali,Purús,Purus,70257445,John Emery,1
Ucayali,Purús,Purus,67393061,John Emery,0
Ucayali,Purús,Purus,28390734,Loyce Miller,1
Ucayali,Purús,Purus,43062233,Valerie Thomason,0
Ucayali,Purús,Purus,78434111,Loyce Miller,0
Ucayali,Purús,Purus,49144420,Loyce Miller,0
Ucayali,Purús,Purus,17921888,Andy Mills,0
Ucayali,Purús,Purus,60924555,Valerie Thomason,0
Ucayali,Purús,Purus,45803232,Ruby Aumick,0
Ucayali,Purús,Purus,21984116,Andy Mills,0
Ucayali,Purús,Purus,63952293,John Emery,1
Ucayali,Purús,Purus,60351505,John Emery,0
Ucayali,Purús,Purus,75865260,Jerry Debartolo,0
Ucayali,Purús,Purus,23770763,Jerry Debartolo,1
Ucayali,Purús,Purus,72741668,Jerry Debartolo,0
Ucayali,Purús,Purus,74009489,Valerie Thomason,1
Ucayali,Purús,Purus,18966412,Valerie Thomason,1
Ucayali,Purús,Purus,63558649,Andy Mills,1
Ucayali,Purús,Purus,61453449,Emilio Greenlaw,0
Ucayali,Purús,Purus,88062338,Jerry Debartolo,0
Ucayali,Purús,Purus,81962080,John Emery,0
Ucayali,Purús,Purus,20027634,Jerry Debartolo,1
Ucayali,Purús,Purus,29021031,Ruby Aumick,0
Ucayali,Purús,Purus,84918745,Valerie Thomason,0
Ucayali,Purús,Purus,54265583,Valerie Thomason,0
Ucayali,Purús,Purus,75503396,Loyce Miller,0
Ucayali,Purús,Purus,80993206,Ruby Aumick,1
Ucayali,Purús,Purus,16756483,Andy Mills,1
Ucayali,Purús,Purus,33570989,Jerry Debartolo,0
Ucayali,Purús,Purus,66645504,John Emery,0
Ucayali,Purús,Purus,14108451,Jerry Debartolo,0
Ucayali,Purús,Purus,53688890,Ruby Aumick,0
Ucayali,Purús,Purus,24280847,John Emery,0
Ucayali,Purús,Purus,20532985,Jerry Debartolo,1
Ucayali,Purús,Purus,45142398,Valerie Thomason,0
Ucayali,Purús,Purus,51307196,Valerie Thomason,0
Ucayali,Purús,Purus,85890587,Emilio Greenlaw,1
Ucayali,Purús,Purus,42753901,Jerry Debartolo,0
Ucayali,Purús,Purus,77910284,Emilio Greenlaw,0
Ucayali,Purús,Purus,85142646,John Emery,1
Ucayali,Purús,Purus,40112702,Emilio Greenlaw,0
Ucayali,Purús,Purus,56234084,John Emery,0
Ucayali,Purús,Purus,84156444,Jerry Debartolo,1
Ucayali,Purús,Purus,79686162,Emilio Greenlaw,0
Ucayali,Purús,Purus,22558219,John Emery,0
Ucayali,Purús,Purus,56948174,John Emery,1
Ucayali,Purús,Purus,84888046,Loyce Miller,0
Ucayali,Purús,Purus,22100351,Andy Mills,0
Ucayali,Purús,Purus,53298038,Jerry Debartolo,1
Ucayali,Purús,Purus,37890352,Valerie Thomason,0
Ucayali,Purús,Purus,63120865,John Emery,1
Ucayali,Purús,Purus,26711376,Andy Mills,1
Ucayali,Purús,Purus,80640459,Ruby Aumick,1
Ucayali,Purús,Purus,87419189,Emilio Greenlaw,0
Ucayali,Purús,Purus,39934044,Andy Mills,1
Ucayali,Purús,Purus,38741646,John Emery,0
Ucayali,Purús,Purus,74017008,Emilio Greenlaw,0
Ucayali,Purús,Purus,14071708,Emilio Greenlaw,0
Ucayali,Purús,Purus,60143727,Ruby Aumick,0
Ucayali,Purús,Purus,66180007,Ruby Aumick,1
Ucayali,Purús,Purus,49809160,Andy Mills,1
Ucayali,Purús,Purus,66277532,Valerie Thomason,0
Ucayali,Purús,Purus,33643274,Jerry Debartolo,1
Ucayali,Purús,Purus,68898538,Jerry Debartolo,0
Ucayali,Purús,Purus,41901118,Jerry Debartolo,1
Ucayali,Purús,Purus,18439012,Ruby Aumick,1
Ucayali,Purús,Purus,24865583,John Emery,0
Ucayali,Purús,Purus,74363108,Loyce Miller,0
Ucayali,Purús,Purus,50052770,Loyce Miller,0
Ucayali,Purús,Purus,12035411,Valerie Thomason,1
Ucayali,Purús,Purus,23182612,Loyce Miller,0
Ucayali,Purús,Purus,43934772,John Emery,0
Ucayali,Purús,Purus,14311302,Loyce Miller,0
Ucayali,Purús,Purus,80285744,Emilio Greenlaw,1
Ucayali,Purús,Purus,20055171,Valerie Thomason,1
Ucayali,Purús,Purus,32037453,Jerry Debartolo,1
Ucayali,Purús,Purus,10786728,John Emery,0
Ucayali,Purús,Purus,68155254,Jerry Debartolo,0
Ucayali,Purús,Purus,57380481,Valerie Thomason,0
Ucayali,Purús,Purus,50474567,Ruby Aumick,0
Ucayali,Purús,Purus,21304593,Jerry Debartolo,0
Ucayali,Purús,Purus,60831214,Andy Mills,1
Ucayali,Purús,Purus,70749515,Jerry Debartolo,0
Ucayali,Purús,Purus,87511168,Emilio Greenlaw,0
Ucayali,Purús,Purus,86369935,Valerie Thomason,0
Ucayali,Purús,Purus,80791950,John Emery,0
Ucayali,Purús,Purus,29066457,Ruby Aumick,0
Ucayali,Purús,Purus,54601659,Emilio Greenlaw,1
Ucayali,Purús,Purus,17035725,Loyce Miller,1
Ucayali,Purús,Purus,40384732,John Emery,1
Ucayali,Purús,Purus,30637410,Valerie Thomason,0
Ucayali,Purús,Purus,88548593,Andy Mills,0
Ucayali,Purús,Purus,20559854,Emilio Greenlaw,0
Ucayali,Purús,Purus,79268184,Emilio Greenlaw,0
Ucayali,Purús,Purus,76304120,John Emery,0
Ucayali,Purús,Purus,73031210,Andy Mills,1
Ucayali,Purús,Purus,11573167,John Emery,1
Ucayali,Purús,Purus,58084250,John Emery,1
Ucayali,Purús,Purus,30721530,Jerry Debartolo,0
Ucayali,Purús,Purus,76344049,Loyce Miller,1
Ucayali,Purús,Purus,38408191,John Emery,0
Ucayali,Purús,Purus,73344398,Valerie Thomason,1
Ucayali,Purús,Purus,80902555,Emilio Greenlaw,0
Ucayali,Purús,Purus,23424680,Jerry Debartolo,0
Ucayali,Purús,Purus,13101158,John Emery,0
Ucayali,Purús,Purus,54891374,Jerry Debartolo,1
Ucayali,Purús,Purus,42071181,Andy Mills,1
Ucayali,Purús,Purus,65936298,John Emery,1
Ucayali,Purús,Purus,47863700,Valerie Thomason,0
Ucayali,Purús,Purus,82127431,Andy Mills,0
Ucayali,Purús,Purus,18873037,Jerry Debartolo,1
Ucayali,Purús,Purus,62449547,Ruby Aumick,0
Ucayali,Purús,Purus,50301803,Valerie Thomason,0
Ucayali,Purús,Purus,56668755,Jerry Debartolo,0
Ucayali,Purús,Purus,56564039,Emilio Greenlaw,1
Ucayali,Purús,Purus,84106887,Valerie Thomason,1
Ucayali,Purús,Purus,32689616,John Emery,0
Ucayali,Purús,Purus,49103738,Loyce Miller,0
Ucayali,Purús,Purus,86556544,Emilio Greenlaw,0
Ucayali,Purús,Purus,25773881,Valerie Thomason,0
Ucayali,Purús,Purus,15326180,Ruby Aumick,1
Ucayali,Purús,Purus,74502919,Andy Mills,0
Ucayali,Purús,Purus,81287244,Emilio Greenlaw,0
Ucayali,Purús,Purus,26262895,Emilio Greenlaw,0
Ucayali,Purús,Purus,70017387,Jerry Debartolo,0
Ucayali,Purús,Purus,75504455,Loyce Miller,0
Ucayali,Purús,Purus,41600242,John Emery,1
Ucayali,Purús,Purus,80636211,Ruby Aumick,1
Ucayali,Purús,Purus,77875971,Valerie Thomason,0
Ucayali,Purús,Purus,17512565,John Emery,0
Ucayali,Purús,Purus,29214713,Ruby Aumick,1
Ucayali,Purús,Purus,28345121,Loyce Miller,0
Ucayali,Purús,Purus,73402856,Ruby Aumick,0
Ucayali,Purús,Purus,59947478,Loyce Miller,0
Ucayali,Purús,Purus,36521022,Andy Mills,1
Ucayali,Purús,Purus,39424022,John Emery,1
Ucayali,Purús,Purus,26971457,Ruby Aumick,1
Ucayali,Purús,Purus,71100359,Jerry Debartolo,1
Ucayali,Purús,Purus,86012553,Andy Mills,0
Ucayali,Purús,Purus,30821779,Valerie Thomason,1
Ucayali,Purús,Purus,79797373,Emilio Greenlaw,0
Ucayali,Purús,Purus,73717527,Ruby Aumick,1
Ucayali,Purús,Purus,45961769,Valerie Thomason,0
Ucayali,Purús,Purus,79271831,Valerie Thomason,1
Ucayali,Purús,Purus,81506223,Andy Mills,0
Ucayali,Purús,Purus,17321121,Emilio Greenlaw,0
Ucayali,Purús,Purus,18342855,Valerie Thomason,0
Ucayali,Purús,Purus,23794087,Jerry Debartolo,1
Ucayali,Purús,Purus,27169645,Jerry Debartolo,0
Ucayali,Purús,Purus,56616237,Ruby Aumick,0
Ucayali,Purús,Purus,85360548,Jerry Debartolo,1
Ucayali,Purús,Purus,13332260,Jerry Debartolo,1
Ucayali,Purús,Purus,70304714,Valerie Thomason,0
Ucayali,Purús,Purus,41455294,John Emery,0
Ucayali,Purús,Purus,50304751,Andy Mills,0
Ucayali,Purús,Purus,85054797,John Emery,0
Ucayali,Purús,Purus,16722915,Emilio Greenlaw,1
Ucayali,Purús,Purus,60406437,Loyce Miller,1
Ucayali,Purús,Purus,41004867,Valerie Thomason,1
Ucayali,Purús,Purus,52778018,Jerry Debartolo,0
Ucayali,Purús,Purus,50099514,Jerry Debartolo,0
Ucayali,Purús,Purus,71492098,Andy Mills,0
Ucayali,Purús,Purus,19069842,Andy Mills,1
Ucayali,Purús,Purus,88175053,John Emery,1
Ucayali,Purús,Purus,54030523,Jerry Debartolo,1
Ucayali,Purús,Purus,13327764,Andy Mills,1
Ucayali,Purús,Purus,22979623,John Emery,0
Ucayali,Purús,Purus,27499384,Andy Mills,1
Ucayali,Purús,Purus,17202619,Andy Mills,1
Ucayali,Purús,Purus,22966341,Loyce Miller,1
Ucayali,Purús,Purus,17936559,Ruby Aumick,1
Ucayali,Purús,Purus,52933115,Andy Mills,1
Ucayali,Purús,Purus,18700916,John Emery,1
Ucayali,Purús,Purus,33614128,Valerie Thomason,0
Ucayali,Purús,Purus,38482191,Emilio Greenlaw,0
Ucayali,Purús,Purus,31711815,Loyce Miller,0
Ucayali,Purús,Purus,23341076,Valerie Thomason,0
Ucayali,Purús,Purus,31928292,Valerie Thomason,1
Ucayali,Purús,Purus,50936819,John Emery,1
Ucayali,Purús,Purus,62545569,Emilio Greenlaw,0
Ucayali,Purús,Purus,71662143,Loyce Miller,0
Ucayali,Purús,Purus,30912452,Emilio Greenlaw,1
Ucayali,Purús,Purus,22318080,Loyce Miller,0
Ucayali,Purús,Purus,65947028,Loyce Miller,0
Ucayali,Purús,Purus,25864698,Ruby Aumick,1
Ucayali,Purús,Purus,15879404,Loyce Miller,1
Ucayali,Purús,Purus,64261684,Valerie Thomason,0
Ucayali,Purús,Purus,12369227,Jerry Debartolo,0
Ucayali,Purús,Purus,62581479,John Emery,1
Ucayali,Purús,Purus,50273647,Jerry Debartolo,1
Ucayali,Purús,Purus,89672163,Andy Mills,0
Ucayali,Purús,Purus,30647527,Emilio Greenlaw,1
Ucayali,Purús,Purus,67379464,Andy Mills,1
Ucayali,Purús,Purus,50199188,Jerry Debartolo,1
Ucayali,Purús,Purus,81712305,Emilio Greenlaw,0
Ucayali,Purús,Purus,46425417,Valerie Thomason,0
Ucayali,Purús,Purus,52170486,Loyce Miller,1
Ucayali,Purús,Purus,11512212,John Emery,1
Ucayali,Purús,Purus,39039535,Emilio Greenlaw,1
Ucayali,Purús,Purus,11012087,Valerie Thomason,1
Ucayali,Purús,Purus,50727233,John Emery,0
Ucayali,Purús,Purus,66281051,Loyce Miller,0
Ucayali,Purús,Purus,11012019,Loyce Miller,0
Ucayali,Purús,Purus,25176491,Andy Mills,0
Ucayali,Purús,Purus,45672616,Loyce Miller,1
Ucayali,Purús,Purus,83636150,John Emery,1
Ucayali,Purús,Purus,89099644,Emilio Greenlaw,1
Ucayali,Purús,Purus,59122351,Loyce Miller,1
Ucayali,Purús,Purus,47382616,Valerie Thomason,0
Ucayali,Purús,Purus,86823540,John Emery,0
Ucayali,Purús,Purus,71484711,Valerie Thomason,0
Ucayali,Purús,Purus,40819994,Loyce Miller,1
Ucayali,Purús,Purus,34527600,Valerie Thomason,0
Ucayali,Purús,Purus,30853283,Valerie Thomason,0
Ucayali,Purús,Purus,77304439,Loyce Miller,1
Ucayali,Purús,Purus,59848535,John Emery,0
Ucayali,Purús,Purus,24704136,Valerie Thomason,1
Ucayali,Purús,Purus,70861927,John Emery,0
Ucayali,Purús,Purus,74405814,Jerry Debartolo,1
Ucayali,Purús,Purus,15236055,Emilio Greenlaw,0
Ucayali,Purús,Purus,14809665,John Emery,0
Ucayali,Purús,Purus,58995938,Loyce Miller,0
Ucayali,Purús,Purus,23519635,Valerie Thomason,1
Ucayali,Purús,Purus,13497122,Ruby Aumick,1
Ucayali,Purús,Purus,79478236,John Emery,1
Ucayali,Purús,Purus,28255754,Emilio Greenlaw,0
Ucayali,Purús,Purus,77435615,Jerry Debartolo,0
Ucayali,Purús,Purus,67863737,Loyce Miller,1
Ucayali,Purús,Purus,83335573,Jerry Debartolo,1
Ucayali,Purús,Purus,42087478,John Emery,0
Ucayali,Purús,Purus,17956112,Jerry Debartolo,1
Ucayali,Purús,Purus,73340207,Loyce Miller,1
Ucayali,Purús,Purus,58170063,Ruby Aumick,1
Ucayali,Purús,Purus,67378687,John Emery,0
Ucayali,Purús,Purus,55222905,John Emery,0
Ucayali,Purús,Purus,33439813,Loyce Miller,1
Ucayali,Purús,Purus,64578185,Jerry Debartolo,0
Ucayali,Purús,Purus,87306840,John Emery,1
Ucayali,Purús,Purus,33288845,Valerie Thomason,1
Ucayali,Purús,Purus,16165997,Jerry Debartolo,0
Ucayali,Purús,Purus,57327577,Jerry Debartolo,0
Ucayali,Purús,Purus,44260264,Ruby Aumick,0
Ucayali,Purús,Purus,87284671,John Emery,1
Ucayali,Purús,Purus,26452982,Jerry Debartolo,0
Ucayali,Purús,Purus,83651360,Loyce Miller,1
Ucayali,Purús,Purus,76322021,Emilio Greenlaw,1
Ucayali,Purús,Purus,35095580,Emilio Greenlaw,0
Ucayali,Purús,Purus,29204408,Jerry Debartolo,1
Ucayali,Purús,Purus,29098097,Valerie Thomason,0
Ucayali,Purús,Purus,31051046,Loyce Miller,1
Ucayali,Purús,Purus,77927396,Ruby Aumick,1
Ucayali,Purús,Purus,72441572,Jerry Debartolo,1
Ucayali,Purús,Purus,19790805,Ruby Aumick,0
Ucayali,Purús,Purus,30392492,Andy Mills,1
Ucayali,Purús,Purus,78625982,Ruby Aumick,1
Ucayali,Purús,Purus,19679766,Emilio Greenlaw,0
Ucayali,Purús,Purus,77911916,John Emery,0
Ucayali,Purús,Purus,46692645,Loyce Miller,1
Ucayali,Purús,Purus,67660944,Valerie Thomason,1
Ucayali,Purús,Purus,15486375,John Emery,0
Ucayali,Purús,Purus,57547237,Loyce Miller,1
Ucayali,Purús,Purus,89541736,Valerie Thomason,1
Ucayali,Purús,Purus,30786649,John Emery,1
Ucayali,Purús,Purus,80601919,John Emery,0
Ucayali,Purús,Purus,85170724,Valerie Thomason,1
Ucayali,Purús,Purus,69564936,Jerry Debartolo,0
Ucayali,Purús,Purus,44453121,Andy Mills,0
Ucayali,Purús,Purus,26598654,Emilio Greenlaw,1
Ucayali,Purús,Purus,64827200,Jerry Debartolo,1
Ucayali,Purús,Purus,52560672,Jerry Debartolo,1
Ucayali,Purús,Purus,65162769,Jerry Debartolo,1
Ucayali,Purús,Purus,86240409,Valerie Thomason,0
Ucayali,Purús,Purus,66080100,Loyce Miller,1
Ucayali,Purús,Purus,51860687,John Emery,0
Ucayali,Purús,Purus,12990028,John Emery,0
Ucayali,Purús,Purus,62983504,Valerie Thomason,1
Ucayali,Purús,Purus,38130193,John Emery,0
Ucayali,Purús,Purus,44941587,Emilio Greenlaw,0
Ucayali,Purús,Purus,66953464,John Emery,1
Ucayali,Purús,Purus,68551576,Jerry Debartolo,0
Ucayali,Purús,Purus,36422331,Valerie Thomason,1
Ucayali,Purús,Purus,77758766,Andy Mills,1
Ucayali,Purús,Purus,48855589,Valerie Thomason,1
Ucayali,Purús,Purus,34969457,Loyce Miller,1
Ucayali,Purús,Purus,80589105,Andy Mills,1
Ucayali,Purús,Purus,15203849,Emilio Greenlaw,1
Ucayali,Purús,Purus,65445919,John Emery,1
Ucayali,Purús,Purus,19281829,Jerry Debartolo,0
Ucayali,Purús,Purus,82625899,Ruby Aumick,1
Ucayali,Purús,Purus,41826803,Ruby Aumick,1
Ucayali,Purús,Purus,56213611,Jerry Debartolo,1
Ucayali,Purús,Purus,65594082,John Emery,1
Ucayali,Purús,Purus,86164196,John Emery,1
Ucayali,Purús,Purus,30391262,John Emery,1
Ucayali,Purús,Purus,59944650,Valerie Thomason,1
Ucayali,Purús,Purus,31494095,Valerie Thomason,0
Ucayali,Purús,Purus,85002632,Loyce Miller,0
Ucayali,Purús,Purus,50236701,Jerry Debartolo,1
Ucayali,Purús,Purus,35615657,Loyce Miller,0
Ucayali,Purús,Purus,29142981,John Emery,0
Ucayali,Purús,Purus,38081595,Emilio Greenlaw,1
Ucayali,Purús,Purus,57618573,Ruby Aumick,1
Ucayali,Purús,Purus,77038425,Loyce Miller,0
Ucayali,Purús,Purus,42043079,Andy Mills,1
Ucayali,Purús,Purus,26402621,John Emery,0
Ucayali,Purús,Purus,86478796,Loyce Miller,0
Ucayali,Purús,Purus,84773726,Emilio Greenlaw,1
Ucayali,Purús,Purus,43511023,Emilio Greenlaw,0
Ucayali,Purús,Purus,72217222,Andy Mills,1
Ucayali,Purús,Purus,19834758,Valerie Thomason,0
Ucayali,Purús,Purus,78481303,Ruby Aumick,0
Ucayali,Purús,Purus,87853310,Emilio Greenlaw,0
Ucayali,Purús,Purus,81434675,Valerie Thomason,1
Ucayali,Purús,Purus,66081944,John Emery,1
Ucayali,Purús,Purus,33388091,Andy Mills,0
Ucayali,Purús,Purus,37253980,Loyce Miller,1
Ucayali,Purús,Purus,15845709,Jerry Debartolo,0
Ucayali,Purús,Purus,52973312,Ruby Aumick,1
Ucayali,Purús,Purus,40550173,Jerry Debartolo,0
Ucayali,Purús,Purus,25289941,Andy Mills,1
Ucayali,Purús,Purus,37047820,John Emery,0
Ucayali,Purús,Purus,49256181,John Emery,0
Ucayali,Purús,Purus,70427303,Loyce Miller,1
Ucayali,Purús,Purus,43418465,Jerry Debartolo,0
Ucayali,Purús,Purus,23458218,John Emery,1
Ucayali,Purús,Purus,10417887,Ruby Aumick,1
Ucayali,Purús,Purus,74960726,Loyce Miller,0
Ucayali,Purús,Purus,88841570,Loyce Miller,0
Ucayali,Purús,Purus,56135832,John Emery,1
Ucayali,Purús,Purus,77457557,John Emery,1
Ucayali,Purús,Purus,49743696,Jerry Debartolo,1
Ucayali,Purús,Purus,27098791,Emilio Greenlaw,0
Ucayali,Purús,Purus,44591842,Ruby Aumick,0
Ucayali,Purús,Purus,14862637,Valerie Thomason,1
Ucayali,Purús,Purus,78176985,Ruby Aumick,1
Ucayali,Purús,Purus,79843637,Loyce Miller,1
Ucayali,Purús,Purus,58758815,Valerie Thomason,0
Ucayali,Purús,Purus,13343453,Jerry Debartolo,1
Ucayali,Purús,Purus,20453296,Valerie Thomason,1
Ucayali,Purús,Purus,54316713,Ruby Aumick,0
Ucayali,Purús,Purus,34912942,Valerie Thomason,0
Ucayali,Purús,Purus,78850184,Emilio Greenlaw,1
Ucayali,Purús,Purus,25618730,Emilio Greenlaw,0
Ucayali,Purús,Purus,31992127,Loyce Miller,0
Ucayali,Purús,Purus,17727991,Loyce Miller,1
Ucayali,Purús,Purus,88087469,Jerry Debartolo,0
Ucayali,Purús,Purus,45776643,Loyce Miller,1
Ucayali,Purús,Purus,48074924,John Emery,1
Ucayali,Purús,Purus,47599123,Jerry Debartolo,1
Ucayali,Purús,Purus,18864069,John Emery,1
Ucayali,Purús,Purus,86406848,Andy Mills,0
Ucayali,Purús,Purus,49477488,Andy Mills,0
Ucayali,Purús,Purus,88466484,Valerie Thomason,0
Ucayali,Purús,Purus,89812438,Valerie Thomason,1
Ucayali,Purús,Purus,51187073,Ruby Aumick,0
Ucayali,Purús,Purus,67651098,Emilio Greenlaw,1
Ucayali,Purús,Purus,28485871,Emilio Greenlaw,0
Ucayali,Purús,Purus,30608318,Emilio Greenlaw,1
Ucayali,Purús,Purus,87088363,John Emery,1
Ucayali,Purús,Purus,20561088,John Emery,0
Ucayali,Purús,Purus,11952147,Andy Mills,1
Ucayali,Purús,Purus,62065632,John Emery,0
Ucayali,Purús,Purus,57493926,Loyce Miller,1
Ucayali,Purús,Purus,43014648,Ruby Aumick,1
Ucayali,Purús,Purus,75985569,Ruby Aumick,0
Ucayali,Purús,Purus,20355880,Andy Mills,0
Ucayali,Purús,Purus,34352632,Jerry Debartolo,0
Ucayali,Purús,Purus,49137216,Valerie Thomason,0
Ucayali,Purús,Purus,43358588,Andy Mills,1
Ucayali,Purús,Purus,17599321,Valerie Thomason,1
Ucayali,Purús,Purus,31877440,Jerry Debartolo,1
Ucayali,Purús,Purus,20078358,Valerie Thomason,0
Ucayali,Purús,Purus,19381075,John Emery,1
Ucayali,Purús,Purus,38611084,John Emery,0
Ucayali,Purús,Purus,28589649,John Emery,0
Ucayali,Purús,Purus,30443258,Emilio Greenlaw,1
Ucayali,Purús,Purus,12647804,Ruby Aumick,0
Ucayali,Purús,Purus,30918064,Emilio Greenlaw,0
Ucayali,Purús,Purus,58840440,Jerry Debartolo,1
Ucayali,Purús,Purus,60776235,Jerry Debartolo,1
Ucayali,Purús,Purus,71413007,Emilio Greenlaw,1
Ucayali,Purús,Purus,31079814,Loyce Miller,0
Ucayali,Purús,Purus,70178188,Emilio Greenlaw,0
Ucayali,Purús,Purus,29817743,John Emery,0
Ucayali,Purús,Purus,71228357,Valerie Thomason,0
Ucayali,Purús,Purus,30758706,Valerie Thomason,1
Ucayali,Purús,Purus,65904660,Loyce Miller,1
Ucayali,Purús,Purus,72906429,Emilio Greenlaw,1
Ucayali,Purús,Purus,51674822,Valerie Thomason,0
Ucayali,Purús,Purus,19177178,Loyce Miller,0
Ucayali,Purús,Purus,21247797,Emilio Greenlaw,0
Ucayali,Purús,Purus,62062496,Andy Mills,1
Ucayali,Purús,Purus,45112785,Andy Mills,1
Ucayali,Purús,Purus,86394348,Valerie Thomason,0
Ucayali,Purús,Purus,28865640,Loyce Miller,1
Ucayali,Purús,Purus,35207660,John Emery,1
Ucayali,Purús,Purus,15784186,Loyce Miller,1
Ucayali,Purús,Purus,34989672,Jerry Debartolo,0
Ucayali,Purús,Purus,83756016,Emilio Greenlaw,1
Ucayali,Purús,Purus,79009318,John Emery,0
Ucayali,Purús,Purus,88249909,Valerie Thomason,0
Ucayali,Purús,Purus,26343903,Andy Mills,0
Ucayali,Purús,Purus,45829065,Loyce Miller,0
Ucayali,Purús,Purus,55191367,Emilio Greenlaw,0
Ucayali,Purús,Purus,55455273,Andy Mills,0
Ucayali,Purús,Purus,53841898,John Emery,0
Ucayali,Purús,Purus,79513188,Ruby Aumick,0
Ucayali,Purús,Purus,77647584,Andy Mills,1
Ucayali,Purús,Purus,23136834,Emilio Greenlaw,0
Ucayali,Purús,Purus,50802180,John Emery,0
Ucayali,Purús,Purus,39290193,John Emery,1
Ucayali,Purús,Purus,32564392,Ruby Aumick,1
Ucayali,Purús,Purus,70361992,Loyce Miller,1
Ucayali,Purús,Purus,36410713,John Emery,0
Ucayali,Purús,Purus,49577502,John Emery,0
Ucayali,Purús,Purus,77455384,Andy Mills,0
Ucayali,Purús,Purus,67686748,Ruby Aumick,0
Ucayali,Purús,Purus,28461604,Emilio Greenlaw,0
Ucayali,Purús,Purus,12863540,Ruby Aumick,0
Ucayali,Purús,Purus,34861330,Andy Mills,0
Ucayali,Purús,Purus,35987602,Andy Mills,0
Ucayali,Purús,Purus,31805252,Ruby Aumick,0
Ucayali,Purús,Purus,73914972,Jerry Debartolo,1
Ucayali,Purús,Purus,28676580,Valerie Thomason,1
Ucayali,Purús,Purus,35291901,John Emery,0
Ucayali,Purús,Purus,12397415,Jerry Debartolo,0
Ucayali,Purús,Purus,54185282,John Emery,0
Ucayali,Purús,Purus,57706020,Ruby Aumick,1
Ucayali,Purús,Purus,59770268,Valerie Thomason,0
Ucayali,Purús,Purus,32485591,Andy Mills,0
Ucayali,Purús,Purus,45387691,Loyce Miller,1
Ucayali,Purús,Purus,44504648,Emilio Greenlaw,0
Ucayali,Purús,Purus,56700954,Ruby Aumick,1
Ucayali,Purús,Purus,47043831,Loyce Miller,1
Ucayali,Purús,Purus,53492845,Loyce Miller,0
Ucayali,Purús,Purus,31302109,Ruby Aumick,1
Ucayali,Purús,Purus,13579527,Emilio Greenlaw,1
Ucayali,Purús,Purus,24265874,Ruby Aumick,1
Ucayali,Purús,Purus,11669367,John Emery,0
Ucayali,Purús,Purus,12068178,Valerie Thomason,0
Ucayali,Purús,Purus,80293088,Emilio Greenlaw,0
Ucayali,Purús,Purus,60815052,Ruby Aumick,1
Ucayali,Purús,Purus,38327110,Emilio Greenlaw,1
Ucayali,Purús,Purus,78183603,Loyce Miller,1
Ucayali,Purús,Purus,67392079,Valerie Thomason,0
Ucayali,Purús,Purus,33380659,John Emery,1
Ucayali,Purús,Purus,73634736,John Emery,0
Ucayali,Purús,Purus,40027609,Emilio Greenlaw,0
Ucayali,Purús,Purus,23169072,Jerry Debartolo,0
Ucayali,Purús,Purus,60475913,John Emery,1
Ucayali,Purús,Purus,49973643,Ruby Aumick,0
Ucayali,Purús,Purus,26193254,Valerie Thomason,1
Ucayali,Purús,Purus,45392507,Loyce Miller,0
Ucayali,Purús,Purus,24103012,Emilio Greenlaw,0
Ucayali,Purús,Purus,17986049,Andy Mills,1
Ucayali,Purús,Purus,29500901,Jerry Debartolo,0
Ucayali,Purús,Purus,45590126,Emilio Greenlaw,1
Ucayali,Purús,Purus,55154366,Jerry Debartolo,0
Ucayali,Purús,Purus,41310925,Emilio Greenlaw,1
Ucayali,Purús,Purus,78710428,John Emery,0
Ucayali,Purús,Purus,21681481,Loyce Miller,1
Ucayali,Purús,Purus,13003500,Jerry Debartolo,0
Ucayali,Purús,Purus,12915439,Ruby Aumick,0
Ucayali,Purús,Purus,81904263,Ruby Aumick,1
Ucayali,Purús,Purus,64624094,Andy Mills,0
Ucayali,Purús,Purus,42931483,Loyce Miller,1
Ucayali,Purús,Purus,88588141,Loyce Miller,1
Ucayali,Purús,Purus,44014733,Andy Mills,0
Ucayali,Purús,Purus,18799309,Andy Mills,1
Ucayali,Purús,Purus,40239455,Emilio Greenlaw,0
Ucayali,Purús,Purus,56890185,Ruby Aumick,0
Ucayali,Purús,Purus,19376979,Ruby Aumick,0
Ucayali,Purús,Purus,27410692,Andy Mills,1
Ucayali,Purús,Purus,29933928,Valerie Thomason,1
Ucayali,Purús,Purus,73309460,Jerry Debartolo,1
Ucayali,Purús,Purus,11179551,Ruby Aumick,1
Ucayali,Purús,Purus,11734980,Jerry Debartolo,1
Ucayali,Purús,Purus,47118471,Valerie Thomason,1
Ucayali,Purús,Purus,33016285,Loyce Miller,0
Ucayali,Purús,Purus,81881826,Valerie Thomason,1
Ucayali,Purús,Purus,12385676,Jerry Debartolo,0
Ucayali,Purús,Purus,32231700,Valerie Thomason,1
Ucayali,Purús,Purus,79811547,Valerie Thomason,1
Ucayali,Purús,Purus,34004419,Emilio Greenlaw,1
Ucayali,Purús,Purus,36385661,Loyce Miller,1
Ucayali,Purús,Purus,26942662,Valerie Thomason,1
Ucayali,Purús,Purus,60021320,Loyce Miller,0
Ucayali,Purús,Purus,26776901,Valerie Thomason,1
Ucayali,Purús,Purus,19282459,Valerie Thomason,0
Ucayali,Purús,Purus,67092306,Ruby Aumick,0
Ucayali,Purús,Purus,76192859,Andy Mills,1
Ucayali,Purús,Purus,79378187,John Emery,0
Ucayali,Purús,Purus,38655301,Ruby Aumick,1
Ucayali,Purús,Purus,80622036,Jerry Debartolo,0
Ucayali,Purús,Purus,89121790,John Emery,0
Ucayali,Purús,Purus,71501139,Andy Mills,0
Ucayali,Purús,Purus,13016304,Ruby Aumick,1
Ucayali,Purús,Purus,70243449,Jerry Debartolo,0
Ucayali,Purús,Purus,49106143,John Emery,0
Ucayali,Purús,Purus,16399602,Jerry Debartolo,1
Ucayali,Purús,Purus,45833539,Valerie Thomason,0
Ucayali,Purús,Purus,73271958,Valerie Thomason,1
Ucayali,Purús,Purus,65082216,Valerie Thomason,1
Ucayali,Purús,Purus,77983084,Loyce Miller,0
Ucayali,Purús,Purus,83550197,John Emery,1
Ucayali,Purús,Purus,86632345,Andy Mills,1
Ucayali,Purús,Purus,35762998,Emilio Greenlaw,0
Ucayali,Purús,Purus,33190575,Jerry Debartolo,0
Ucayali,Purús,Purus,65368621,Andy Mills,1
Ucayali,Purús,Purus,16351585,John Emery,1
Ucayali,Purús,Purus,31546412,Andy Mills,0
Ucayali,Purús,Purus,26818116,Loyce Miller,1
Ucayali,Purús,Purus,70664019,Emilio Greenlaw,1
Ucayali,Purús,Purus,66152950,Emilio Greenlaw,1
Ucayali,Purús,Purus,12663696,Emilio Greenlaw,0
Ucayali,Purús,Purus,86409254,Andy Mills,1
Ucayali,Purús,Purus,73394278,Ruby Aumick,0
Ucayali,Purús,Purus,43929078,Emilio Greenlaw,1
Ucayali,Purús,Purus,16280393,Andy Mills,1
Ucayali,Purús,Purus,87307456,Ruby Aumick,1
Ucayali,Purús,Purus,89074748,Loyce Miller,1
Ucayali,Purús,Purus,70659019,John Emery,1
Ucayali,Purús,Purus,67434121,Valerie Thomason,1
Ucayali,Purús,Purus,55623977,John Emery,0
Ucayali,Purús,Purus,70873788,Emilio Greenlaw,0
Ucayali,Purús,Purus,52717681,Emilio Greenlaw,1
Ucayali,Purús,Purus,76919718,Ruby Aumick,1
Ucayali,Purús,Purus,27474101,Ruby Aumick,1
Ucayali,Purús,Purus,28601477,Jerry Debartolo,1
Ucayali,Purús,Purus,81988114,Jerry Debartolo,0
Ucayali,Purús,Purus,26532069,Ruby Aumick,1
Ucayali,Purús,Purus,18152301,Loyce Miller,1
Ucayali,Purús,Purus,11881011,Ruby Aumick,0
Ucayali,Purús,Purus,15460804,Ruby Aumick,0
Ucayali,Purús,Purus,89909592,Emilio Greenlaw,0
Ucayali,Purús,Purus,49396125,Valerie Thomason,0
Ucayali,Purús,Purus,72112740,Ruby Aumick,1
Ucayali,Purús,Purus,75204884,Jerry Debartolo,1
Ucayali,Purús,Purus,60953138,Andy Mills,1
Ucayali,Purús,Purus,43989988,Valerie Thomason,1
Ucayali,Purús,Purus,36858633,Ruby Aumick,0
Ucayali,Purús,Purus,88049285,John Emery,0
Ucayali,Purús,Purus,26677564,Andy Mills,0
Ucayali,Purús,Purus,11575783,Emilio Greenlaw,1
Ucayali,Purús,Purus,72763825,Ruby Aumick,1
Ucayali,Purús,Purus,22782881,Loyce Miller,1
Ucayali,Purús,Purus,36041868,John Emery,1
Ucayali,Purús,Purus,47641372,Ruby Aumick,1
Ucayali,Purús,Purus,56909311,John Emery,1
Ucayali,Purús,Purus,13380979,Emilio Greenlaw,0
Ucayali,Purús,Purus,20871638,Andy Mills,1
Ucayali,Purús,Purus,46918332,Loyce Miller,1
Ucayali,Purús,Purus,12800633,Jerry Debartolo,0
Ucayali,Purús,Purus,72051796,Jerry Debartolo,1
Ucayali,Purús,Purus,25539006,Valerie Thomason,1
Ucayali,Purús,Purus,84308257,Valerie Thomason,0
Ucayali,Purús,Purus,52013553,Valerie Thomason,1
Ucayali,Purús,Purus,46183917,John Emery,1
Ucayali,Purús,Purus,53108187,Andy Mills,1
Ucayali,Purús,Purus,20009830,Andy Mills,0
Ucayali,Purús,Purus,41596278,John Emery,1
Ucayali,Purús,Purus,49462564,Loyce Miller,1
Ucayali,Purús,Purus,59932445,Ruby Aumick,0
Ucayali,Purús,Purus,32061587,Emilio Greenlaw,0
Ucayali,Purús,Purus,32203999,Valerie Thomason,1
Ucayali,Purús,Purus,53147121,Valerie Thomason,1
Ucayali,Purús,Purus,82644277,Loyce Miller,0
Ucayali,Purús,Purus,19746739,Jerry Debartolo,1
Ucayali,Purús,Purus,21350449,Jerry Debartolo,0
Ucayali,Purús,Purus,16482153,Loyce Miller,1
Ucayali,Purús,Purus,55340761,Jerry Debartolo,1
Ucayali,Purús,Purus,52881340,Valerie Thomason,1
Ucayali,Purús,Purus,13798647,Loyce Miller,0
Ucayali,Purús,Purus,81369802,Ruby Aumick,0
Ucayali,Purús,Purus,61873575,Jerry Debartolo,1
Ucayali,Purús,Purus,45696506,Andy Mills,1
Ucayali,Purús,Purus,82782351,Loyce Miller,1
Ucayali,Purús,Purus,32833843,John Emery,1
Ucayali,Purús,Purus,87762031,Valerie Thomason,0
Ucayali,Purús,Purus,89220196,Jerry Debartolo,0
Ucayali,Purús,Purus,24477005,Jerry Debartolo,0
Ucayali,Purús,Purus,30408960,Loyce Miller,0
Ucayali,Purús,Purus,51522418,Andy Mills,0
Ucayali,Purús,Purus,72199466,Andy Mills,0
Ucayali,Purús,Purus,45187947,Ruby Aumick,1
Ucayali,Purús,Purus,20843619,Ruby Aumick,0
Ucayali,Purús,Purus,89284196,Loyce Miller,1
Ucayali,Purús,Purus,53639443,Emilio Greenlaw,1
Ucayali,Purús,Purus,40182904,Loyce Miller,0
Ucayali,Purús,Purus,47065880,Loyce Miller,0
Ucayali,Purús,Purus,43256721,Valerie Thomason,1
Ucayali,Purús,Purus,65196309,Emilio Greenlaw,0
Ucayali,Purús,Purus,65990973,Emilio Greenlaw,0
Ucayali,Purús,Purus,76192070,Ruby Aumick,1
Ucayali,Purús,Purus,10907095,Andy Mills,0
Ucayali,Purús,Purus,41894935,Valerie Thomason,1
Ucayali,Purús,Purus,13974464,Valerie Thomason,0
Ucayali,Purús,Purus,24744094,Valerie Thomason,0
Ucayali,Purús,Purus,63324894,Emilio Greenlaw,1
Ucayali,Purús,Purus,82445463,Emilio Greenlaw,1
Ucayali,Purús,Purus,29342987,Ruby Aumick,1
Ucayali,Purús,Purus,75235640,Jerry Debartolo,0
Ucayali,Purús,Purus,61836907,Valerie Thomason,0
Ucayali,Purús,Purus,65194726,Loyce Miller,1
Ucayali,Purús,Purus,84459807,Emilio Greenlaw,0
Ucayali,Purús,Purus,10913827,Emilio Greenlaw,0
Ucayali,Purús,Purus,65861584,Valerie Thomason,0
Ucayali,Purús,Purus,47398180,Loyce Miller,0
Ucayali,Purús,Purus,45429774,John Emery,1
Ucayali,Purús,Purus,53311063,Jerry Debartolo,1
Ucayali,Purús,Purus,78956814,Jerry Debartolo,0
Ucayali,Purús,Purus,10215076,Ruby Aumick,0
Ucayali,Purús,Purus,86305617,Andy Mills,0
Ucayali,Purús,Purus,69766079,Andy Mills,0
Ucayali,Purús,Purus,15472051,Andy Mills,0
Ucayali,Purús,Purus,63503920,John Emery,0
Ucayali,Purús,Purus,28384091,John Emery,0
Ucayali,Purús,Purus,24974255,Jerry Debartolo,0
Ucayali,Purús,Purus,81532234,Andy Mills,0
Ucayali,Purús,Purus,73740177,Loyce Miller,0
Ucayali,Purús,Purus,84871294,Ruby Aumick,0
Ucayali,Purús,Purus,35653120,Valerie Thomason,0
Ucayali,Purús,Purus,51689288,Loyce Miller,0
Ucayali,Purús,Purus,35049030,Jerry Debartolo,1
Ucayali,Purús,Purus,38612644,Jerry Debartolo,0
Ucayali,Purús,Purus,54991415,Ruby Aumick,0
Ucayali,Purús,Purus,89239758,Andy Mills,1
Ucayali,Purús,Purus,18362273,Jerry Debartolo,1
Ucayali,Purús,Purus,11225313,Andy Mills,0
Ucayali,Purús,Purus,41732998,Andy Mills,0
Ucayali,Purús,Purus,88192583,Emilio Greenlaw,0
Ucayali,Purús,Purus,49589478,Loyce Miller,1
Ucayali,Purús,Purus,39184225,John Emery,1
Ucayali,Purús,Purus,33172455,Emilio Greenlaw,1
Ucayali,Purús,Purus,59895727,Loyce Miller,1
Ucayali,Purús,Purus,22292949,John Emery,0
Ucayali,Purús,Purus,53808613,Ruby Aumick,0
Ucayali,Purús,Purus,73752339,Emilio Greenlaw,0
Ucayali,Purús,Purus,33644149,Loyce Miller,0
Ucayali,Purús,Purus,77452871,Emilio Greenlaw,0
Ucayali,Purús,Purus,27307849,Emilio Greenlaw,1
Ucayali,Purús,Purus,61431917,John Emery,1
Ucayali,Purús,Purus,18912355,Andy Mills,0
Ucayali,Purús,Purus,22460094,Loyce Miller,1
Ucayali,Purús,Purus,87600699,Loyce Miller,0
Ucayali,Purús,Purus,85587821,John Emery,0
Ucayali,Purús,Purus,75994155,Loyce Miller,1
Ucayali,Purús,Purus,79145023,Jerry Debartolo,1
Ucayali,Purús,Purus,35117271,Loyce Miller,0
Ucayali,Purús,Purus,19706348,Loyce Miller,0
Ucayali,Purús,Purus,39969804,John Emery,0
Ucayali,Purús,Purus,13659748,Ruby Aumick,0
Ucayali,Purús,Purus,65858500,Jerry Debartolo,0
Ucayali,Purús,Purus,62233901,Loyce Miller,1
Ucayali,Purús,Purus,54691013,Jerry Debartolo,0
Ucayali,Purús,Purus,42862714,Loyce Miller,1
Ucayali,Purús,Purus,20311658,Valerie Thomason,0
Ucayali,Purús,Purus,74109374,Andy Mills,1
Ucayali,Purús,Purus,78556617,Andy Mills,0
Ucayali,Purús,Purus,27173587,Emilio Greenlaw,1
Ucayali,Purús,Purus,66095517,Emilio Greenlaw,0
Ucayali,Purús,Purus,27933107,Loyce Miller,1
Ucayali,Purús,Purus,43123424,Andy Mills,1
Ucayali,Purús,Purus,87362034,Valerie Thomason,0
Ucayali,Purús,Purus,22940187,John Emery,1
Ucayali,Purús,Purus,84163998,Emilio Greenlaw,1
Ucayali,Purús,Purus,82015424,Emilio Greenlaw,0
Ucayali,Purús,Purus,82168244,John Emery,1
Ucayali,Purús,Purus,71820534,Andy Mills,1
Ucayali,Purús,Purus,12878289,Jerry Debartolo,0
Ucayali,Purús,Purus,14104142,John Emery,0
Ucayali,Purús,Purus,57652702,Emilio Greenlaw,1
Ucayali,Purús,Purus,89684824,Ruby Aumick,0
Ucayali,Purús,Purus,85040835,Emilio Greenlaw,1
Ucayali,Purús,Purus,31615639,Ruby Aumick,0
Ucayali,Purús,Purus,20332102,John Emery,1
Ucayali,Purús,Purus,84496836,Emilio Greenlaw,0
Ucayali,Purús,Purus,77922255,Emilio Greenlaw,1
Ucayali,Purús,Purus,81096810,John Emery,1
Ucayali,Purús,Purus,13063052,Loyce Miller,1
Ucayali,Purús,Purus,88011920,Jerry Debartolo,1
Ucayali,Purús,Purus,28736017,Jerry Debartolo,0
Ucayali,Purús,Purus,87118708,Loyce Miller,0
Ucayali,Purús,Purus,82482440,Jerry Debartolo,0
Ucayali,Purús,Purus,36386005,Emilio Greenlaw,1
Ucayali,Purús,Purus,13248189,Valerie Thomason,1
Ucayali,Purús,Purus,84015634,John Emery,1
Ucayali,Purús,Purus,68128673,Ruby Aumick,0
Ucayali,Purús,Purus,77132507,Valerie Thomason,1
Ucayali,Purús,Purus,12449873,John Emery,1
Ucayali,Purús,Purus,52471983,Valerie Thomason,0
Ucayali,Purús,Purus,22141299,Jerry Debartolo,0
Ucayali,Purús,Purus,12756901,Emilio Greenlaw,0
Ucayali,Purús,Purus,85528774,John Emery,0
Ucayali,Purús,Purus,70614262,Emilio Greenlaw,0
Ucayali,Purús,Purus,89724859,Jerry Debartolo,1
Ucayali,Purús,Purus,71577172,Loyce Miller,0
Ucayali,Purús,Purus,54014793,John Emery,1
Ucayali,Purús,Purus,71168779,Valerie Thomason,0
Ucayali,Purús,Purus,80822841,Jerry Debartolo,1
Ucayali,Purús,Purus,62909153,Ruby Aumick,0
Ucayali,Purús,Purus,88612558,Loyce Miller,0
Ucayali,Purús,Purus,54651005,Jerry Debartolo,1
Ucayali,Purús,Purus,89393502,John Emery,0
Ucayali,Purús,Purus,39297621,Ruby Aumick,0
Ucayali,Purús,Purus,72411725,Emilio Greenlaw,0
Ucayali,Purús,Purus,58958184,Ruby Aumick,0
Ucayali,Purús,Purus,58155930,Andy Mills,0
Ucayali,Purús,Purus,12513524,Jerry Debartolo,1
Ucayali,Purús,Purus,29470156,Loyce Miller,0
Ucayali,Purús,Purus,45692622,Ruby Aumick,1
Ucayali,Purús,Purus,10799183,Emilio Greenlaw,0
Ucayali,Purús,Purus,26696472,Valerie Thomason,0
Ucayali,Purús,Purus,88888869,Valerie Thomason,0
Ucayali,Purús,Purus,78342262,John Emery,1
Ucayali,Purús,Purus,71834600,Jerry Debartolo,1
Ucayali,Purús,Purus,48549871,Loyce Miller,0
Ucayali,Purús,Purus,71836120,John Emery,1
Ucayali,Purús,Purus,85879768,Andy Mills,1
Ucayali,Purús,Purus,63350231,Emilio Greenlaw,0
Ucayali,Purús,Purus,78267699,Emilio Greenlaw,0
Ucayali,Purús,Purus,53575185,Ruby Aumick,1
Ucayali,Purús,Purus,56216503,Andy Mills,1
Ucayali,Purús,Purus,89066810,Valerie Thomason,0
Ucayali,Purús,Purus,12913860,John Emery,0
Ucayali,Purús,Purus,63757716,Emilio Greenlaw,1
Ucayali,Purús,Purus,63830362,Andy Mills,0
Ucayali,Purús,Purus,68728323,Loyce Miller,0
Ucayali,Purús,Purus,34115809,Ruby Aumick,0
Ucayali,Purús,Purus,21473682,Valerie Thomason,1
Ucayali,Purús,Purus,62456083,John Emery,1
Ucayali,Purús,Purus,34424683,Andy Mills,1
Ucayali,Purús,Purus,37419408,Loyce Miller,0
Ucayali,Purús,Purus,80909932,Emilio Greenlaw,1
Ucayali,Purús,Purus,35462179,Loyce Miller,0
Ucayali,Purús,Purus,41115705,Jerry Debartolo,1
Ucayali,Purús,Purus,70616487,Ruby Aumick,0
Ucayali,Purús,Purus,51935775,Valerie Thomason,1
Ucayali,Purús,Purus,66676437,Emilio Greenlaw,1
Ucayali,Purús,Purus,30392751,Andy Mills,1
Ucayali,Purús,Purus,75942706,Ruby Aumick,0
Ucayali,Purús,Purus,88463171,Jerry Debartolo,0
Ucayali,Purús,Purus,78017636,John Emery,0
Ucayali,Purús,Purus,53734829,Jerry Debartolo,1
Ucayali,Purús,Purus,42349027,Jerry Debartolo,0
Ucayali,Purús,Purus,80619973,Andy Mills,1
Ucayali,Purús,Purus,71324169,Emilio Greenlaw,0
Ucayali,Purús,Purus,61926226,Ruby Aumick,1
Ucayali,Purús,Purus,80868685,Jerry Debartolo,0
Ucayali,Purús,Purus,48549771,Loyce Miller,1
Ucayali,Purús,Purus,15476714,Emilio Greenlaw,0
Ucayali,Purús,Purus,19527329,Loyce Miller,0
Ucayali,Purús,Purus,36971697,Valerie Thomason,0
